Hotel Name,Location,Region,Rooms,Type,Collection,Vibe,Description,USP,Tags,Google Rating,Phone,Website,Price Range (USD/night)
Amanwella,Tangalle,South Coast,30 suites,Beach Resort,Aman Resorts,Ultra-luxury minimalist,"Beachfront retreat with 30 private suites surrounded by lush nature. Aman Resorts' Sri Lankan property combines understated luxury with pristine coastline. Each suite features a private plunge pool and direct beach access.",Aman brand cachet, private plunge pools in every suite,boutique;high end;usp;luxury;beach;relaxation;South Coast,4.7 (Google),,https://www.aman.com/resorts/amanwella,600-1500
Cape Weligama,Weligama,South Coast,39 villas,Cliff-top Resort,Resplendent Ceylon (Dilmah),Luxury cliff-top,"Dilmah's flagship resort perched on a 60-foot cliff with panoramic Indian Ocean views. 39 individually designed villas, crescent-shaped infinity pool (one of Sri Lanka's largest), and world-class dining by Dharshan Munidasa.",Crescent infinity pool, cliff-top moonrise bar,boutique;high end;usp;luxury;exquisite dining;beach;experiential;South Coast,4.6 (Google),,https://www.capeweligama.com/,500-2000
Wild Coast Tented Lodge,Yala,Safari,36 tents,Safari Camp,Resplendent Ceylon,Wilderness luxury,"Luxury tented camp at Yala National Park's border. 36 cocoon-shaped tents inspired by local geology — designed by renowned architect Murad Ismail. Canvas-walled suites with plunge pools, copper bathtubs, and panoramic wilderness views. Leopard sightings from your deck.",Cocoon-shaped architecture, leopards at your doorstep,boutique;high end;usp;adventure;experiential;wildlife;safari;Yala,4.5 (Google),,https://www.resplendentceylon.com/wildcoasttentedlodge/,800-2500
Chena Huts by Uga Escapes,Yala,Safari,14 cabins,Safari Lodge,Uga Escapes,Ultra-exclusive eco-luxury,"Only 14 luxury cabins at the edge of Yala National Park. Each hut is a stand-alone structure with thatched roof, outdoor shower, and private plunge pool — designed to blend into the jungle. Game drives, forest bathing, and starlit dining.",Smallest footprint, highest exclusivity — only 14 cabins,boutique;high end;usp;adventure;experiential;eco;wildlife;safari;Yala,4.5 (Google),+94 117 888 558,https://www.ugaescapes.com/chenahuts/,700-2000
Paradise Road Tintagel Colombo,Colombo 07,Colombo,10 suites,Heritage Mansion,Paradise Road,Colonial heritage boutique,"1929 heritage mansion in Cinnamon Gardens — former residence of the Bandaranaike family (three Prime Ministers lived here). 10 individually designed suites, tropical courtyard with lap pool, and the legendary Gallery Café. Hosted King Charles III in 2013.",Royal pedigree — hosted King Charles III, political history,boutique;high end;usp;heritage;luxury;Colombo;attractions;exquisite dining,4.5 (TripAdvisor),+94 117 510 000,https://www.paradiseroadhotels.com/tintagel/,300-800
Jetwing Vil Uyana,Sigiriya,Cultural Triangle,50 rooms,Eco-Lodge,Jetwing Hotels,Eco-luxury over-water,"Pioneering eco-boutique hotel built on a reclaimed paddy field transformed into an artificial wetland. Over-water bungalows, reed-thatched roofs, paddy field views, and Sigiriya Rock on the horizon. Conde Nast Top 15 Eco-Hotels Worldwide.",Over-water bungalows in Sri Lanka, Conde Nast eco-award,boutique;high end;usp;eco;luxury;attractions;experiential;Sigiriya;Cultural Triangle,4.4 (Google),+94 112 161 161,https://www.jetwinghotels.com/jetwingviluyana/,200-500
Santani Wellness Resort,Kandy,Hill Country,25 villas,Wellness Retreat,Santani,World-class wellness,"Award-winning wellness retreat in the Knuckles Mountain Range. 25 minimalist villas carved into the hillside overlooking misty valleys. Full Ayurvedic programs, yoga pavilion, thermal springs, farm-to-table cuisine. Named 'World's Best Wellness Retreat' by multiple publications.",Dedicated wellness architecture, thermal spring access,boutique;high end;usp;wellness;experiential;relaxation;Kandy;Hill Country,4.6 (Google),+94 112 665 160,https://www.santani.lk/,400-900
Galle Fort Hotel,Galle Fort,Galle,12 rooms,Heritage Mansion,Independent,Dutch-colonial boutique,"17th-century Dutch merchant's mansion transformed into a 12-room boutique hotel within the UNESCO Galle Fort. Antique four-poster beds, courtyard dining, cinnamon-themed spa, and curated heritage walks through the Fort.",17th-century Dutch architecture, inside UNESCO Fort,boutique;high end;usp;heritage;attractions;luxury;Galle Fort;Galle,4.5 (Google),+94 912 232 870,https://www.galleforthotel.com/,200-500
98 Acres Resort,Ella,Hill Country,29 rooms,Boutique Resort,Independent,Tea plantation retreat,"Perched on a tea plantation in Ella with uninterrupted views of Ella Gap and Little Adam's Peak. 29 rooms including glass-walled suites and treehouse-style villas. Infinity pool overlooking the valley, Sri Lankan cuisine, and walking distance to Ella's main attractions.",Uninterrupted Ella Gap views, tea plantation setting,boutique;high end;usp;attractions;experiential;Hill Country;Ella,4.4 (Google),+94 572 225 290,https://www.98acresresort.com/,150-400
Saman Villas,Bentota,South Coast,27 suites,Beach Resort,Independent,Sri Lanka's first boutique,"Sri Lanka's first boutique hotel (est. 1995). 27 suites in two-storey villas with private pools, perched on a rocky promontory between Bentota beach and the Indian Ocean. Topless sunbathing allowed, Ayurvedic spa, and curated art collection.",Sri Lanka's FIRST boutique hotel, rocky promontory setting,boutique;high end;usp;luxury;beach;relaxation;history;Bentota;South Coast,4.3 (Google),+94 342 275 579,https://www.samanvillas.com/,250-600
Fort Bazaar,Galle Fort,Galle,14 rooms,Heritage Boutique,Teardrop Hotels,Urban-chic heritage,"Teardrop Hotels' Galle Fort property — a 14-room luxury boutique housed in a restored 18th-century Dutch home. Minimalist interiors with antique accents, central courtyard with plunge pool, and the acclaimed Church Street Social restaurant. Walking distance to Galle Lighthouse.",Teardrop Hotels' finest, Church Street Social restaurant,boutique;high end;heritage;exquisite dining;luxury;Galle Fort;Galle,4.4 (Google),+94 912 229 969,https://www.teardrop-hotels.com/fort-bazaar,250-600
Amangalla,Galle Fort,Galle,30 rooms,Heritage Hotel,Aman Resorts,Grand heritage luxury,"Aman Resorts' Galle property set in a 1684 Dutch colonial building within the UNESCO Fort. 30 rooms and suites with high ceilings, antique furnishings, and a grand verandah overlooking the Fort ramparts. The oldest hotel in Galle (operating since 1865 as the New Oriental Hotel).",Oldest hotel in Galle (1865), Aman heritage pedigree,boutique;high end;usp;heritage;luxury;attractions;Galle Fort;Galle,4.6 (Google),+94 912 233 388,https://www.aman.com/resorts/amangalla,500-1200
The Wallawwa,Negombo,West Coast,18 rooms,Transit Boutique,Teardrop Hotels,Jungle-garden luxury,"18-room luxury boutique on 7 acres of tropical gardens near Colombo Airport. Mountbatten Suite with private plunge pool, daily guided meditation, afternoon tea included. Often called 'the best airport hotel in the world'. The perfect first/last night in Sri Lanka.",Best airport hotel in the world, 7-acre gardens,boutique;high end;usp;luxury;relaxation;transit;Negombo,4.5 (Google),enquiries@teardrop-hotels.com,https://www.thewallawwa.com/,200-500
The Kandy House,Kandy,Hill Country,9 suites,Heritage Manor,Independent,Colonial plantation manor,"1804 heritage manor house surrounded by terraced paddy fields and tropical gardens. 9 suites in the main house plus garden cottages. Four-poster beds, antique verandahs, infinity pool overlooking rice paddies. The ultimate Kandy hideaway.",1804 colonial manor, rice paddy infinity pool,boutique;high end;usp;heritage;luxury;relaxation;Kandy;Hill Country,4.4 (Google),+94 812 474 370,https://www.thekandyhouse.com/,200-500
Tri Lanka,Koggala Lake,South Coast,10 villas,Sustainable Resort,Independent,Sustainable lakeside luxury,"10 individual villas on the shores of Koggala Lake near Galle. Modern minimalist design with floor-to-ceiling glass, private plunge pools, outdoor showers, and a spectacular lakeside infinity deck. Sustainability-focused with solar power and organic gardens.",Koggala Lake setting, sustainability focus,boutique;high end;usp;eco;experiential;luxury;relaxation;South Coast;Koggala,4.5 (Google),+94 773 899 202,https://www.trilanka.com/,300-700
Kalukanda House,Weligama,South Coast,5 rooms,Boutique Villa,Independent,Intimate heritage villa,"Conde Nast recommended — just 5 rooms in a beautifully restored colonial villa in Weligama. Heritage charm with lush gardens, a stunning pool, and authentic Sri Lankan hospitality. Walking distance to Weligama Beach and surf breaks.",Conde Nast recommended, only 5 rooms — maximum intimacy,boutique;high end;usp;heritage;beach;relaxation;surf;Weligama;South Coast,4.4 (Google),,https://www.kalukandahouse.com/,200-500
Helga's Folly,Kandy,Hill Country,14 rooms,Art Hotel,Independent,Psychedelic art nouveau,"An utterly unique Art Nouveau boutique hotel in Kandy — think Alice in Wonderland meets Salvador Dali. Every surface is covered in murals, paintings, and eccentric decor by artist Helga de Silva Blow Perera. 14 themed rooms, each completely different. A guestbook signed by Gregory Peck, Laurence Olivier, and Vivien Leigh.",Most photographed hotel in Kandy, celebrity guestbook,boutique;high end;usp;attractions;experiential;art;Kandy;Hill Country,4.2 (Google),+94 812 234 571,https://www.helgasfolly.com/,100-300
Uga Residence,Colombo,Colombo,~15 rooms,Urban Boutique,Uga Escapes,City luxury hideaway,"Uga Escapes' urban flagship — a small, design-forward luxury property in Colombo city. Part of the acclaimed Uga Escapes collection (also includes Chena Huts, Ulagalla). Personalized service in a private residence setting.",Uga Escapes' urban flagship,boutique;high end;luxury;Colombo,4.5 (Google),+94 117 888 558,https://www.ugaescapes.com/uga-residence/,250-500
Maniumpathy,Colombo 07,Colombo,8 rooms,Heritage Boutique,Independent,Colombo heritage gem,"An 8-room heritage boutique hotel on the same street as Tintagel in Colombo 7. Restored colonial mansion with high ceilings, antiques, and a serene courtyard. Intimate and quiet — a hidden gem in the city's diplomatic quarter.",Hidden gem in Colombo 7, intimate 8-room scale,boutique;high end;heritage;luxury;Colombo;relaxation,4.3 (Google),+94 112 694 799,https://www.maniumpathy.com/,200-400
Blue Water Hotel,Wadduwa,West Coast,69 rooms,Beach Resort,Independent,Geoffrey Bawa masterpiece,"Geoffrey Bawa's last hotel project — a 5-star boutique resort on Wadduwa's golden coastline. 69 rooms laid out in a sweeping curve along the beach. Bawa's signature indoor-outdoor design, lagoon-style pools, and tropical landscaped gardens.",Geoffrey Bawa's final architectural masterpiece,boutique;high end;usp;heritage;architecture;beach;luxury;Wadduwa;West Coast,4.2 (Google),+94 382 290 261,https://www.bluewatersrilanka.com/,150-400
Kayaam House,Tangalle,South Coast,8 rooms,Boutique Beach Villa,Independent,Private beach estate,"A stunning 8-room boutique beachfront villa in Tangalle. White-washed walls, four-poster beds, private pool overlooking the beach, and a relaxed barefoot-luxury vibe. The closest boutique alternative to Anantara in Tangalle.",Private beachfront villa vibes, closest to Anantara,boutique;high end;beach;luxury;relaxation;Tangalle;South Coast,4.3 (Google),,https://www.kayaamhouse.com/,200-450
