Article Title,Category,Description,Featured Hotels,Primary Tags,Suggested Order,Status
     2|     2|Top 10 Boutique Hotels in Sri Lanka (2026),Hotels,"Curated list of the best true boutique hotels across Sri Lanka — from Amanwella to Helga's Folly. Geographic spread covering Colombo, South Coast, Galle Fort, Yala, Kandy, Sigiriya, Ella, and Bentota.",Amanwella;Cape Weligama;Tintagel Colombo;Galle Fort Hotel;Jetwing Vil Uyana;Santani;Wild Coast;Chena Huts;98 Acres;Saman Villas,boutique;luxury;Sri Lanka;hotels;travel,1,Flagship article — broadest appeal,✅ Published May 22
     3|     3|Top 8 Experiential Stays in Sri Lanka (2026),Travel,"Not just a hotel — an experience. Over-water bungalows at Vil Uyana, tented safaris at Wild Coast, wellness at Santani, cliff-top moonrise at Cape Weligama. For travelers who want memories, not just rooms.",Wild Coast Tented Lodge;Chena Huts;Jetwing Vil Uyana;Santani;Tri Lanka;Cape Weligama;Helga's Folly;98 Acres Resort,experiential;travel;unique;adventure;Sri Lanka,2,Unique selling point — high engagement
     4|     4|Top 8 Luxury Safari Lodges in Sri Lanka (2026),Travel,"Wildlife meets 5-star luxury. From Yala's leopard territory to Wilpattu's wilderness — the best places to see Sri Lanka's wildlife without sacrificing comfort.",Wild Coast Tented Lodge;Chena Huts;Kulu Safaris;Mahoora;Leopard Trails,safari;wildlife;luxury;adventure;Yala;leopards,3,Niche but high-intent search
     5|     5|Top 10 Heritage Boutique Hotels in Sri Lanka (2026),Hotels,"Colonial mansions, plantation bungalows, and Dutch forts — Sri Lanka's most historically significant boutique hotels. Tintagel (PM residence), Galle Fort Hotel (1684 building), Amangalla (1865), Kandy House (1804).",Tintagel Colombo;Galle Fort Hotel;Amangalla;The Kandy House;Maniumpathy;Fort Bazaar;Kalukanda House;Helga's Folly;Saman Villas;The Wallawwa,heritage;colonial;history;luxury;Sri Lanka,4,History buffs and culture travelers
     6|     6|Top 10 Most Romantic Boutique Hotels in Sri Lanka (2026),Travel,"The most romantic boutique stays in Sri Lanka — private pool villas, cliff-top dining, candlelit jungle dinners. Perfect for honeymoons, anniversaries, and proposals.",Cape Weligama;Amanwella;Tri Lanka;Kayaam House;The Wallawwa;Kalukanda House;98 Acres Resort;Tintagel Colombo;Galle Fort Hotel;Chena Huts,romantic;honeymoon;couples;luxury;Sri Lanka,5,Honeymoon search — high conversion
     7|     7|Top 8 Wellness & Detox Retreats in Sri Lanka (2026),Lifestyle,"Dedicated wellness retreats and spa-focused boutique hotels. Ayuvedic programs, yoga, thermal springs, farm-to-table cuisine — for mind-body-soul travelers.",Santani Wellness Resort;Amanwella;Cape Weligama;Tri Lanka;Jetwing Vil Uyana;Saman Villas;The Wallawwa;Chena Huts,wellness;detox;Ayurveda;yoga;relaxation;spa,6,Wellness tourism is booming
     8|     8|Top 8 Boutique Hotels for Food Lovers in Sri Lanka (2026),Food,"Hotels where the dining is a destination. Cape Weligama (Dharshan Munidasa), Fort Bazaar (Church Street Social), Tintagel (Gallery Café), Galle Fort Hotel (cinnamon-spiced dining).",Cape Weligama;Fort Bazaar;Tintagel Colombo;Galle Fort Hotel;Tri Lanka;Santani;Amanwella;Jetwing Vil Uyana,food;dining;gourmet;exquisite dining;Sri Lanka,7,Foodies — high social share potential
     9|     9|Top 10 Tea Country & Hill Country Boutique Stays (2026),Travel,"Escape to the misty hills — Ella's 98 Acres, Kandy's Santani and Helga's Folly, Nuwara Eliya's tea plantation bungalows. For cool climate, tea trails, and mountain views.",98 Acres Resort;Santani Wellness;The Kandy House;Helga's Folly;Goatfell;The Hermitage;Timberlake;Ceylon Tea Trails,Hill Country;tea;mountains;Ella;Kandy;Nuwara Eliya,8,Seasonal — popular during coastal rainy season
    10|    10|Top 10 Beachfront Boutique Hotels in Sri Lanka (2026),Hotels,"The best coastal boutique stays — from Amanwella's private beach to Cape Weligama's cliff-top infinity pool. South Coast, West Coast, and hidden coves.",Amanwella;Cape Weligama;Saman Villas;Kayaam House;Blue Water Hotel;Tri Lanka;Kalukanda House;The Beach House;Ahu Bay;Taru Villas,beach;coastal;South Coast;luxury;Sri Lanka,9,Standard beach resort search
    11|    11|Top 8 Boutique Hotels Under $300/night in Sri Lanka (2026),Travel,"Luxury doesn't have to break the bank. The best affordable boutique hotels in Sri Lanka — Helga's Folly, Maniumpathy, 98 Acres, Kayaam House, and more — all under $300.",98 Acres Resort;Helga's Folly;Maniumpathy;Kayaam House;Blue Water Hotel;The Wallawwa;Kalukanda House;The Kandy House,budget;affordable luxury;value;Sri Lanka;boutique,10,Budget-conscious luxury travelers
    12|    12|
    13|Top 8 Crème de la Crème — Ultra-Luxury Escapes for Couples (2026),Travel,"The absolute pinnacle of Sri Lankan luxury — where price is no object and romance is the only agenda. Private plunge pools, personal butlers, helicopter transfers, cliff-top dinners for two, and suites starting at $600/night. For honeymoons, anniversaries, and bucket-list celebrations.",Amanwella;Cape Weligama;Wild Coast Tented Lodge;Chena Huts;Santani Wellness;Amangalla;Tri Lanka;Cape Weligama Penthouse;Anantara Peace Haven Tangalle,ultra-luxury;couples;romantic;honeymoon;bucket list;luxury;exclusive;Sri Lanka,11,Ultra-high intent — couples searching for splurge-worthy trips
    14|
Top 8 Crème de la Crème — Ultra-Luxury Escapes for Couples (2026),Travel,"The absolute pinnacle of Sri Lankan luxury — private plunge pools, personal butlers, helicopter transfers, cliff-top dinners for two, and suites starting at $600/night. For honeymoons, anniversaries, and bucket-list celebrations.",Amanwella;Cape Weligama;Wild Coast Tented Lodge;Chena Huts;Santani Wellness;Amangalla;Tri Lanka;Anantara Peace Haven Tangalle,ultra-luxury;couples;romantic;honeymoon;bucket list;luxury;exclusive;Sri Lanka,11,✅ Published May 22
